CreatedScenario;CompletedScenario;FailedScenario;
0;0;0;
5491;0;0;
9491;497;0;
13491;1335;0;
17104;4783;0;
21491;6271;0;
25490;10376;0;
29490;14400;0;
33491;18399;0;
37491;22400;0;
41491;26400;0;
45491;30400;0;
49491;34400;0;
53491;38400;0;
57490;42378;0;
61491;46400;0;
65491;50400;0;
69491;54383;0;
73491;58400;0;
77491;62400;0;
81491;66398;0;
85491;70400;0;
89491;74400;0;
93491;78400;0;
97491;82400;0;
101492;86397;0;
105490;90396;0;
109490;92245;0;
113490;92352;0;
117491;92452;0;
121489;92556;0;
125510;96850;3186;
129268;101714;7071;
133488;107598;12836;
137489;110066;12891;
141491;117116;16098;
145491;121116;16098;
149491;125115;16098;
153491;129116;16098;
157491;133114;16098;
161519;136845;16098;
165491;138855;16098;
169491;138953;16098;
173491;142312;16098;
177491;146312;16098;
181491;150312;16098;
185491;154311;16098;
189491;158313;16098;
193491;162314;16098;
197491;166313;16098;
201491;170313;16098;
205491;174313;16098;
209491;178313;16098;
213491;182242;16098;
217491;186313;16098;
221491;190313;16098;
225491;194313;16098;
229491;200441;18462;
233490;207558;22341;
237491;212664;26262;
241486;216524;29868;
245488;220226;33547;
249490;223169;35378;
253489;229290;40879;
257491;235165;42529;
261491;239078;42529;
265492;243164;42529;
269491;247163;42529;
273491;251161;42529;
277491;255163;42529;
281491;259160;42529;
285491;265404;44855;
289491;273306;48757;
293492;277967;49419;
297491;281968;49419;
301491;285968;49419;
305491;289967;49419;
309491;293967;49419;
313491;297967;49419;
315532;300009;49419;
315532;300009;49419;
